URL,Name,Description
www.421market.com/brand1,Brand 1,This is the description for Brand 1.
www.421market.com/brand2,Brand 2,This is the description for Brand 2.
www.421market.com/brand3,Brand 3,This is the description for Brand 3.
www.421market.com/brand4,Brand 4,This is the description for Brand 4.
www.421market.com/brand5,Brand 5,This is the description for Brand 5.
www.421market.com/brand6,Brand 6,This is the description for Brand 6.
www.421market.com/brand7,Brand 7,NULL
www.421market.com/brand8,Brand 8,NULL
www.421market.com/brand9,Brand 9,This is the description for Brand 9.
www.421market.com/brand10,Brand 10,This is the description for Brand 10.
www.421market.com/brand11,Brand 11,This is the description for Brand 11.
www.421market.com/brand12,Brand 12,This is the description for Brand 12.
www.421market.com/brand13,Brand 13,This is the description for Brand 13.
www.421market.com/brand14,Brand 14,This is the description for Brand 14.
www.421market.com/brand15,Brand 15,This is the description for Brand 15.
www.421market.com/brand16,Brand 16,NULL
www.421market.com/brand17,Brand 17,This is the description for Brand 17.
www.421market.com/brand18,Brand 18,This is the description for Brand 18.
www.421market.com/brand19,Brand 19,This is the description for Brand 19.
www.421market.com/brand20,Brand 20,NULL
www.421market.com/brand21,Brand 21,NULL
www.421market.com/brand22,Brand 22,This is the description for Brand 22.
www.421market.com/brand23,Brand 23,This is the description for Brand 23.
www.421market.com/brand24,Brand 24,This is the description for Brand 24.
www.421market.com/brand25,Brand 25,NULL
www.421market.com/brand26,Brand 26,This is the description for Brand 26.
www.421market.com/brand27,Brand 27,This is the description for Brand 27.
www.421market.com/brand28,Brand 28,This is the description for Brand 28.
www.421market.com/brand29,Brand 29,This is the description for Brand 29.
www.421market.com/brand30,Brand 30,This is the description for Brand 30.
